{
  "IcoMoonType": "selection",
  "icons": [
    {
      "icon": {
        "paths": [
          "M1248.098 752.629c0 0 88.572 110.008 36.109 207.041-52.467 97.033-184.478 50.208-199.143 37.795-15.235-11.844-753.698-617.737-753.698-617.737s-51.901-51.336-147.805-62.055c-110.572-12.411-179.398 43.441-179.398 43.441l409.003-332.282c0 0 125.805-69.39 280.379 28.207 154.577 97.597 607.021 459.215 607.021 459.215l-104.366 148.931c0 0 23.13 40.054 51.898 87.445z"
        ],
        "attrs": [
          {
            "fill": "rgb(255, 255, 255)"
          }
        ],
        "width": 1214,
        "isMulticolor": false,
        "isMulticolor2": false,
        "grid": 0,
        "tags": [
          "Vector46"
        ],
        "colorPermutations": {
          "1021021021255107012552552551": [
            {
              "f": 2
            }
          ]
        }
      },
      "attrs": [
        {
          "fill": "rgb(255, 255, 255)"
        }
      ],
      "properties": {
        "order": 48,
        "id": 45,
        "name": "Vector46",
        "prevSize": 32
      },
      "setIdx": 0,
      "setId": 2,
      "iconIdx": 0
    },
    {
      "icon": {
        "paths": [
          "M763.418 948.707l94.643-26.235-26.221-94.597-94.643 26.235-26.221-94.597 94.643-26.232-26.221-94.597-189.286 52.467-26.221-94.597 94.643-26.235-26.221-94.597-94.643 26.235 26.221 94.597-189.286 52.467-26.221-94.597-189.286 52.467 52.441 189.191-94.643 26.235-26.221-94.597-42.225 11.704-44.171-637.34c0 0 62.702-93.387 231.171-99.338 252.341-8.826 376.191 126.881 585.021 173.211 131.244 29.442 160.359-29.56 160.359-29.56l85.155 547.622c0 0 219.651-47.562 345.071 99.462 74.429 87.503-37.445 178.848-153.2 210.933-120.852 33.497-263.789 12.783-492.624-49.161l-1.816-6.547z"
        ],
        "attrs": [
          {
            "fill": "rgb(255, 255, 255)"
          }
        ],
        "width": 1198,
        "isMulticolor": false,
        "isMulticolor2": false,
        "grid": 0,
        "tags": [
          "Vector"
        ],
        "colorPermutations": {
          "1021021021255107012552552551": [
            {
              "f": 2
            }
          ]
        }
      },
      "attrs": [
        {
          "fill": "rgb(255, 255, 255)"
        }
      ],
      "properties": {
        "order": 2,
        "id": 44,
        "name": "Vector",
        "prevSize": 32
      },
      "setIdx": 0,
      "setId": 2,
      "iconIdx": 1
    },
    {
      "icon": {
        "paths": [
          "M770.47 14.582l2.249 560.415-545.456 439.557 3.303-540.376 539.905-459.597z"
        ],
        "attrs": [
          {
            "fill": "rgb(255, 255, 255)"
          }
        ],
        "width": 1003,
        "isMulticolor": false,
        "isMulticolor2": false,
        "grid": 0,
        "tags": [
          "Vector2"
        ],
        "colorPermutations": {
          "1021021021255107012552552551": [
            {
              "f": 2
            }
          ]
        }
      },
      "attrs": [
        {
          "fill": "rgb(255, 255, 255)"
        }
      ],
      "properties": {
        "order": 3,
        "id": 43,
        "name": "Vector2",
        "prevSize": 32
      },
      "setIdx": 0,
      "setId": 2,
      "iconIdx": 2
    },
    {
      "icon": {
        "paths": [
          "M764.171 28.679l-0.091 534.6-519.267 419.16 5.539-514.941 513.818-438.819z"
        ],
        "attrs": [
          {
            "fill": "rgb(255, 255, 255)",
            "strokeLinejoin": "miter",
            "strokeLinecap": "butt",
            "strokeMiterlimit": "10",
            "strokeWidth": 23.636624905660376
          }
        ],
        "width": 1005,
        "isMulticolor": false,
        "isMulticolor2": false,
        "grid": 0,
        "tags": [
          "Vector3"
        ],
        "colorPermutations": {
          "1021021021255107012552552551": [
            {
              "f": 2,
              "s": 0
            }
          ]
        }
      },
      "attrs": [
        {
          "fill": "rgb(255, 255, 255)",
          "strokeLinejoin": "miter",
          "strokeLinecap": "butt",
          "strokeMiterlimit": "10",
          "strokeWidth": 23.636624905660376
        }
      ],
      "properties": {
        "order": 4,
        "id": 42,
        "name": "Vector3",
        "prevSize": 32
      },
      "setIdx": 0,
      "setId": 2,
      "iconIdx": 3
    },
    {
      "icon": {
        "paths": [
          "M947.968 76.482c0 0-103.151-31.252-247.596-8.981-130.065 20.155-472.186 355.298-472.186 355.298l-10.49 596.675c0 0 411.559-331.015 541.688-374.562 130.127-43.551 234.523 2.318 234.523 2.318l-45.94-570.748z"
        ],
        "attrs": [
          {
            "fill": "rgb(255, 255, 255)"
          }
        ],
        "width": 1143,
        "isMulticolor": false,
        "isMulticolor2": false,
        "grid": 0,
        "tags": [
          "Vector4"
        ],
        "colorPermutations": {
          "1021021021255107012552552551": [
            {
              "f": 2
            }
          ]
        }
      },
      "attrs": [
        {
          "fill": "rgb(255, 255, 255)"
        }
      ],
      "properties": {
        "order": 5,
        "id": 41,
        "name": "Vector4",
        "prevSize": 32
      },
      "setIdx": 0,
      "setId": 2,
      "iconIdx": 4
    },
    {
      "icon": {
        "paths": [
          "M771.689 5.245l4.132 567.852-553.195 445.791 3.173-591.759 403.932-330.809 141.957-91.075z"
        ],
        "attrs": [
          {}
        ],
        "width": 995,
        "isMulticolor": false,
        "isMulticolor2": false,
        "grid": 0,
        "tags": [
          "Vector5"
        ],
        "colorPermutations": {
          "1021021021255107012552552551": [
            {}
          ]
        }
      },
      "attrs": [
        {}
      ],
      "properties": {
        "order": 6,
        "id": 40,
        "name": "Vector5",
        "prevSize": 32
      },
      "setIdx": 0,
      "setId": 2,
      "iconIdx": 5
    },
    {
      "icon": {
        "paths": [
          "M945.025 74.674c0 0-109.626-56.865-248.424-9.011s-473.765 356.486-473.765 356.486l-10.525 598.67c0 0 408.829-346.931 543.501-375.815 128.325-28.066 237.712 27.929 237.712 27.929l-48.498-598.259z"
        ],
        "attrs": [
          {}
        ],
        "width": 1137,
        "isMulticolor": false,
        "isMulticolor2": false,
        "grid": 0,
        "tags": [
          "Vector6"
        ],
        "colorPermutations": {
          "1021021021255107012552552551": [
            {}
          ]
        }
      },
      "attrs": [
        {}
      ],
      "properties": {
        "order": 7,
        "id": 39,
        "name": "Vector6",
        "prevSize": 32
      },
      "setIdx": 0,
      "setId": 2,
      "iconIdx": 6
    },
    {
      "icon": {
        "paths": [
          "M619.098 897.093c-214.279 59.394-436.111-66.079-495.476-280.254-59.366-214.175 66.216-435.946 280.495-495.341 214.279-59.394 436.112 66.079 495.478 280.254 59.365 214.175-66.217 435.947-280.496 495.341z"
        ],
        "attrs": [
          {
            "fill": "rgb(255, 255, 255)",
            "strokeLinejoin": "miter",
            "strokeLinecap": "butt",
            "strokeMiterlimit": "10",
            "strokeWidth": 14.235694545454544
          }
        ],
        "isMulticolor": false,
        "isMulticolor2": false,
        "grid": 0,
        "tags": [
          "Vector7"
        ],
        "colorPermutations": {
          "1021021021255107012552552551": [
            {
              "f": 2,
              "s": 0
            }
          ]
        }
      },
      "attrs": [
        {
          "fill": "rgb(255, 255, 255)",
          "strokeLinejoin": "miter",
          "strokeLinecap": "butt",
          "strokeMiterlimit": "10",
          "strokeWidth": 14.235694545454544
        }
      ],
      "properties": {
        "order": 8,
        "id": 38,
        "name": "Vector7",
        "prevSize": 32
      },
      "setIdx": 0,
      "setId": 2,
      "iconIdx": 7
    },
    {
      "icon": {
        "paths": [
          "M20.452 234.468l770.048-213.445 213.341 769.673-770.048 213.443-213.341-769.671z"
        ],
        "attrs": [
          {
            "fill": "rgb(255, 255, 255)",
            "stroke": "rgb(255, 107, 0)",
            "strokeLinejoin": "miter",
            "strokeLinecap": "butt",
            "strokeMiterlimit": "10",
            "strokeWidth": 28.47138909090909
          }
        ],
        "isMulticolor": false,
        "isMulticolor2": false,
        "grid": 0,
        "tags": [
          "Vector8"
        ],
        "colorPermutations": {
          "1021021021255107012552552551": [
            {
              "f": 2,
              "s": 1
            }
          ]
        }
      },
      "attrs": [
        {
          "fill": "rgb(255, 255, 255)",
          "stroke": "rgb(255, 107, 0)",
          "strokeLinejoin": "miter",
          "strokeLinecap": "butt",
          "strokeMiterlimit": "10",
          "strokeWidth": 28.47138909090909
        }
      ],
      "properties": {
        "order": 9,
        "id": 37,
        "name": "Vector8",
        "prevSize": 32
      },
      "setIdx": 0,
      "setId": 2,
      "iconIdx": 8
    },
    {
      "icon": {
        "paths": [
          "M560.15 839.346c-181.823 50.402-370.058-56.067-420.432-237.8-50.374-181.737 56.19-369.921 238.012-420.319s370.055 56.073 420.43 237.807c50.37 181.735-56.185 369.914-238.010 420.311z"
        ],
        "attrs": [
          {
            "fill": "rgb(255, 255, 255)",
            "stroke": "rgb(255, 107, 0)",
            "strokeLinejoin": "miter",
            "strokeLinecap": "butt",
            "strokeMiterlimit": "10",
            "strokeWidth": 65.93374315789472
          }
        ],
        "width": 970,
        "isMulticolor": false,
        "isMulticolor2": false,
        "grid": 0,
        "tags": [
          "Vector9"
        ],
        "colorPermutations": {
          "1021021021255107012552552551": [
            {
              "f": 2,
              "s": 1
            }
          ]
        }
      },
      "attrs": [
        {
          "fill": "rgb(255, 255, 255)",
          "stroke": "rgb(255, 107, 0)",
          "strokeLinejoin": "miter",
          "strokeLinecap": "butt",
          "strokeMiterlimit": "10",
          "strokeWidth": 65.93374315789472
        }
      ],
      "properties": {
        "order": 10,
        "id": 36,
        "name": "Vector9",
        "prevSize": 32
      },
      "setIdx": 0,
      "setId": 2,
      "iconIdx": 9
    },
    {
      "icon": {
        "paths": [
          "M11.093 314.633l1094.657-303.42 192.247 693.594-1094.651 303.42-192.253-693.594z"
        ],
        "attrs": [
          {
            "fill": "rgb(255, 255, 255)",
            "stroke": "rgb(255, 107, 0)",
            "strokeLinejoin": "miter",
            "strokeLinecap": "butt",
            "strokeMiterlimit": "10",
            "strokeWidth": 15.659264
          }
        ],
        "width": 1318,
        "isMulticolor": false,
        "isMulticolor2": false,
        "grid": 0,
        "tags": [
          "Vector10"
        ],
        "colorPermutations": {
          "1021021021255107012552552551": [
            {
              "f": 2,
              "s": 1
            }
          ]
        }
      },
      "attrs": [
        {
          "fill": "rgb(255, 255, 255)",
          "stroke": "rgb(255, 107, 0)",
          "strokeLinejoin": "miter",
          "strokeLinecap": "butt",
          "strokeMiterlimit": "10",
          "strokeWidth": 15.659264
        }
      ],
      "properties": {
        "order": 11,
        "id": 35,
        "name": "Vector10",
        "prevSize": 32
      },
      "setIdx": 0,
      "setId": 2,
      "iconIdx": 10
    },
    {
      "icon": {
        "paths": [
          "M124.678 150.65l111.018 843.73c0 0 202.103-142.872 472.395-100.993l-150.557-809.809c0 0-128.368-99.187-327.107 19.79 0 0-40.992 50.296-105.749 47.281z"
        ],
        "attrs": [
          {}
        ],
        "width": 507,
        "isMulticolor": false,
        "isMulticolor2": false,
        "grid": 0,
        "tags": [
          "Vector11"
        ],
        "colorPermutations": {
          "1021021021255107012552552551": [
            {}
          ]
        }
      },
      "attrs": [
        {}
      ],
      "properties": {
        "order": 12,
        "id": 34,
        "name": "Vector11",
        "prevSize": 32
      },
      "setIdx": 0,
      "setId": 2,
      "iconIdx": 11
    },
    {
      "icon": {
        "paths": [
          "M993.134 791.354l-434.39 120.404c-113.527-49.571-231.244-91.746-346.378-147.106-14.793-8.367-27.982-10.945-42.775-19.313l-137.997-497.855 752.94-208.701 208.6 752.571z"
        ],
        "attrs": [
          {
            "fill": "rgb(255, 255, 255)",
            "stroke": "rgb(255, 107, 0)",
            "strokeLinejoin": "miter",
            "strokeLinecap": "butt",
            "strokeMiterlimit": "10",
            "strokeWidth": 27.838691555555556
          }
        ],
        "isMulticolor": false,
        "isMulticolor2": false,
        "grid": 0,
        "tags": [
          "Vector12"
        ],
        "colorPermutations": {
          "1021021021255107012552552551": [
            {
              "f": 2,
              "s": 1
            }
          ]
        }
      },
      "attrs": [
        {
          "fill": "rgb(255, 255, 255)",
          "stroke": "rgb(255, 107, 0)",
          "strokeLinejoin": "miter",
          "strokeLinecap": "butt",
          "strokeMiterlimit": "10",
          "strokeWidth": 27.838691555555556
        }
      ],
      "properties": {
        "order": 13,
        "id": 33,
        "name": "Vector12",
        "prevSize": 32
      },
      "setIdx": 0,
      "setId": 2,
      "iconIdx": 12
    },
    {
      "icon": {
        "paths": [
          "M113.487 246.933l-20.339-159.187c0 0 237.631-43.679 354.205 102.305l121.526 744.48c0 0-12.522-48.038-156.157-91.428-86.476-25.953-205.136 9.314-205.136 9.314l-94.098-605.484z"
        ],
        "attrs": [
          {
            "fill": "rgb(255, 255, 255)"
          }
        ],
        "width": 333,
        "isMulticolor": false,
        "isMulticolor2": false,
        "grid": 0,
        "tags": [
          "Vector13"
        ],
        "colorPermutations": {
          "1021021021255107012552552551": [
            {
              "f": 2
            }
          ]
        }
      },
      "attrs": [
        {
          "fill": "rgb(255, 255, 255)"
        }
      ],
      "properties": {
        "order": 14,
        "id": 32,
        "name": "Vector13",
        "prevSize": 32
      },
      "setIdx": 0,
      "setId": 2,
      "iconIdx": 13
    },
    {
      "icon": {
        "paths": [
          "M155.688 213.154l59.347-140.803 342.376 431.435-259.426 494.134-63.672-83.569"
        ],
        "attrs": [
          {
            "fill": "none",
            "stroke": "rgb(255, 107, 0)",
            "strokeLinejoin": "miter",
            "strokeLinecap": "butt",
            "strokeMiterlimit": "10",
            "strokeWidth": 12.914856907216494
          }
        ],
        "width": 686,
        "isMulticolor": false,
        "isMulticolor2": false,
        "grid": 0,
        "tags": [
          "Vector14"
        ],
        "colorPermutations": {
          "1021021021255107012552552551": [
            {
              "s": 1
            }
          ]
        }
      },
      "attrs": [
        {
          "fill": "none",
          "stroke": "rgb(255, 107, 0)",
          "strokeLinejoin": "miter",
          "strokeLinecap": "butt",
          "strokeMiterlimit": "10",
          "strokeWidth": 12.914856907216494
        }
      ],
      "properties": {
        "order": 16,
        "id": 31,
        "name": "Vector14",
        "prevSize": 32
      },
      "setIdx": 0,
      "setId": 2,
      "iconIdx": 14
    },
    {
      "icon": {
        "paths": [
          "M231.339 1014.702l-51.723-548.752 569.87-456.908 45.4 525.932-563.547 479.728z"
        ],
        "attrs": [
          {
            "fill": "rgb(255, 255, 255)"
          }
        ],
        "width": 987,
        "isMulticolor": false,
        "isMulticolor2": false,
        "grid": 0,
        "tags": [
          "Vector15"
        ],
        "colorPermutations": {
          "1021021021255107012552552551": [
            {
              "f": 2
            }
          ]
        }
      },
      "attrs": [
        {
          "fill": "rgb(255, 255, 255)"
        }
      ],
      "properties": {
        "order": 17,
        "id": 30,
        "name": "Vector15",
        "prevSize": 32
      },
      "setIdx": 0,
      "setId": 2,
      "iconIdx": 15
    },
    {
      "icon": {
        "paths": [
          "M581.665 873.894c-195.764 54.264-398.428-60.367-452.663-256.037-54.236-195.666 60.495-398.274 256.258-452.536 195.762-54.263 398.428 60.369 452.663 256.035 54.235 195.67-60.494 398.275-256.258 452.538z"
        ],
        "attrs": [
          {
            "fill": "rgb(255, 255, 255)",
            "strokeLinejoin": "miter",
            "strokeLinecap": "butt",
            "strokeMiterlimit": "10",
            "strokeWidth": 50.1096448
          }
        ],
        "width": 983,
        "isMulticolor": false,
        "isMulticolor2": false,
        "grid": 0,
        "tags": [
          "Vector16"
        ],
        "colorPermutations": {
          "1021021021255107012552552551": [
            {
              "f": 2,
              "s": 0
            }
          ]
        }
      },
      "attrs": [
        {
          "fill": "rgb(255, 255, 255)",
          "strokeLinejoin": "miter",
          "strokeLinecap": "butt",
          "strokeMiterlimit": "10",
          "strokeWidth": 50.1096448
        }
      ],
      "properties": {
        "order": 18,
        "id": 29,
        "name": "Vector16",
        "prevSize": 32
      },
      "setIdx": 0,
      "setId": 2,
      "iconIdx": 16
    },
    {
      "icon": {
        "paths": [
          "M744.593 236.444l177.456 288.852c0 0-106.945 51.765-258.232 167.148-128.53 98.456-291.281 284.271-291.281 284.271l-301.47-519.068c0 0 134.647-159.442 334.719-293.656 184.995-124.726 223.487-116.812 223.487-116.812l115.321 189.265z"
        ],
        "attrs": [
          {
            "fill": "rgb(255, 255, 255)"
          }
        ],
        "width": 407,
        "isMulticolor": false,
        "isMulticolor2": false,
        "grid": 0,
        "tags": [
          "Vector17"
        ],
        "colorPermutations": {
          "1021021021255107012552552551": [
            {
              "f": 2
            }
          ]
        }
      },
      "attrs": [
        {
          "fill": "rgb(255, 255, 255)"
        }
      ],
      "properties": {
        "order": 19,
        "id": 28,
        "name": "Vector17",
        "prevSize": 32
      },
      "setIdx": 0,
      "setId": 2,
      "iconIdx": 17
    },
    {
      "icon": {
        "paths": [
          "M338.763 380.455l177.755-66.446-21.361-195.882 183.3-72.276 22.1 198.54 190.683-71.461 22.612 205.554-191.791 67.473-186.472 65.999 20.767 198.908-179.597 59.8 19.069 197.951-174.054 53.969-17.965-193.964-18.926-192.261 172.212-60.615-18.333-195.289z"
        ],
        "attrs": [
          {
            "fill": "rgb(102, 102, 102)"
          }
        ],
        "width": 340,
        "isMulticolor": false,
        "isMulticolor2": false,
        "grid": 0,
        "tags": [
          "Vector18"
        ],
        "colorPermutations": {
          "1021021021255107012552552551": [
            {
              "f": 0
            }
          ]
        }
      },
      "attrs": [
        {
          "fill": "rgb(102, 102, 102)"
        }
      ],
      "properties": {
        "order": 20,
        "id": 27,
        "name": "Vector18",
        "prevSize": 32
      },
      "setIdx": 0,
      "setId": 2,
      "iconIdx": 18
    },
    {
      "icon": {
        "paths": [
          "M526.332 489.913l351.153-130.874 39.535 406.772-355.555 125.997-341.39 122.070-36.397-395.445-35.611-392.614 341.083-134.181 37.181 398.277z"
        ],
        "attrs": [
          {
            "fill": "rgb(255, 107, 0)"
          }
        ],
        "width": 1002,
        "isMulticolor": false,
        "isMulticolor2": false,
        "grid": 0,
        "tags": [
          "Vector19"
        ],
        "colorPermutations": {
          "1021021021255107012552552551": [
            {
              "f": 1
            }
          ]
        }
      },
      "attrs": [
        {
          "fill": "rgb(255, 107, 0)"
        }
      ],
      "properties": {
        "order": 21,
        "id": 26,
        "name": "Vector19",
        "prevSize": 32
      },
      "setIdx": 0,
      "setId": 2,
      "iconIdx": 19
    },
    {
      "icon": {
        "paths": [
          "M1850.052 447.667c0 0-187.076-143.341-574.729-1.993-387.657 141.346-808.644 521.024-808.644 521.024l-389.454-675.167c0 0 531.423-445.353 888.624-515.143 289.455-56.855 440.986 21.532 440.986 21.532l443.217 649.747z"
        ],
        "attrs": [
          {
            "fill": "rgb(255, 255, 255)"
          }
        ],
        "width": 452,
        "isMulticolor": false,
        "isMulticolor2": false,
        "grid": 0,
        "tags": [
          "Vector20"
        ],
        "colorPermutations": {
          "1021021021255107012552552551": [
            {
              "f": 2
            }
          ]
        }
      },
      "attrs": [
        {
          "fill": "rgb(255, 255, 255)"
        }
      ],
      "properties": {
        "order": 22,
        "id": 25,
        "name": "Vector20",
        "prevSize": 32
      },
      "setIdx": 0,
      "setId": 2,
      "iconIdx": 20
    },
    {
      "icon": {
        "paths": [
          "M221.917 1008.794l-71.302-743.25 673.066-265.109 74.189 753.671-675.953 254.687z"
        ],
        "attrs": [
          {}
        ],
        "width": 901,
        "isMulticolor": false,
        "isMulticolor2": false,
        "grid": 0,
        "tags": [
          "Vector21"
        ],
        "colorPermutations": {
          "1021021021255107012552552551": [
            {}
          ]
        }
      },
      "attrs": [
        {}
      ],
      "properties": {
        "order": 23,
        "id": 24,
        "name": "Vector21",
        "prevSize": 32
      },
      "setIdx": 0,
      "setId": 2,
      "iconIdx": 21
    },
    {
      "icon": {
        "paths": [
          "M11.233 370.492l1289.447-357.413 177.529 640.489-1289.443 357.412-177.533-640.489z"
        ],
        "attrs": [
          {
            "fill": "rgb(255, 255, 255)",
            "stroke": "rgb(255, 107, 0)",
            "strokeLinejoin": "miter",
            "strokeLinecap": "butt",
            "strokeMiterlimit": "10",
            "strokeWidth": 9.419106165413533
          }
        ],
        "width": 855,
        "isMulticolor": false,
        "isMulticolor2": false,
        "grid": 0,
        "tags": [
          "Vector22"
        ],
        "colorPermutations": {
          "1021021021255107012552552551": [
            {
              "f": 2,
              "s": 1
            }
          ]
        }
      },
      "attrs": [
        {
          "fill": "rgb(255, 255, 255)",
          "stroke": "rgb(255, 107, 0)",
          "strokeLinejoin": "miter",
          "strokeLinecap": "butt",
          "strokeMiterlimit": "10",
          "strokeWidth": 9.419106165413533
        }
      ],
      "properties": {
        "order": 24,
        "id": 23,
        "name": "Vector22",
        "prevSize": 32
      },
      "setIdx": 0,
      "setId": 2,
      "iconIdx": 22
    },
    {
      "icon": {
        "paths": [
          "M1212.847 561.676l-726.657-558.036-480.396 423.379 727.873 589.575 479.18-454.918z"
        ],
        "attrs": [
          {
            "fill": "rgb(255, 255, 255)"
          }
        ],
        "width": 1224,
        "isMulticolor": false,
        "isMulticolor2": false,
        "grid": 0,
        "tags": [
          "Vector23"
        ],
        "colorPermutations": {
          "1021021021255107012552552551": [
            {
              "f": 2
            }
          ]
        }
      },
      "attrs": [
        {
          "fill": "rgb(255, 255, 255)"
        }
      ],
      "properties": {
        "order": 25,
        "id": 22,
        "name": "Vector23",
        "prevSize": 32
      },
      "setIdx": 0,
      "setId": 2,
      "iconIdx": 23
    },
    {
      "icon": {
        "paths": [
          "M1005.938 622.7l-321.183 28.192-56.265 331.251-332.902 35.233 56.266-335.944-344.624 30.541 56.265-347.694 679.869-46.985 56.261-335.947 321.182-16.445 58.612-333.597 309.453-9.397-58.604 326.55-56.265 324.2-309.461 21.144-58.604 328.899z"
        ],
        "attrs": [
          {
            "fill": "rgb(102, 102, 102)"
          }
        ],
        "width": 1497,
        "isMulticolor": false,
        "isMulticolor2": false,
        "grid": 0,
        "tags": [
          "Vector24"
        ],
        "colorPermutations": {
          "1021021021255107012552552551": [
            {
              "f": 0
            }
          ]
        }
      },
      "attrs": [
        {
          "fill": "rgb(102, 102, 102)"
        }
      ],
      "properties": {
        "order": 26,
        "id": 21,
        "name": "Vector24",
        "prevSize": 32
      },
      "setIdx": 0,
      "setId": 2,
      "iconIdx": 24
    },
    {
      "icon": {
        "paths": [
          "M1052.754 10.57l-159.009 902.941-881.18 92.948 159.010-916.218 881.179-79.671z"
        ],
        "attrs": [
          {}
        ],
        "width": 1069,
        "isMulticolor": false,
        "isMulticolor2": false,
        "grid": 0,
        "tags": [
          "Vector25"
        ],
        "colorPermutations": {
          "1021021021255107012552552551": [
            {}
          ]
        }
      },
      "attrs": [
        {}
      ],
      "properties": {
        "order": 27,
        "id": 20,
        "name": "Vector25",
        "prevSize": 32
      },
      "setIdx": 0,
      "setId": 2,
      "iconIdx": 25
    },
    {
      "icon": {
        "paths": [
          "M464.329 526.555l-460.782 39.995 87.077-498.103 464.411-32.722 446.269-32.722-87.078 483.559-90.704 479.924-446.269 47.265 87.077-487.196z"
        ],
        "attrs": [
          {
            "fill": "rgb(255, 107, 0)"
          }
        ],
        "width": 1012,
        "isMulticolor": false,
        "isMulticolor2": false,
        "grid": 0,
        "tags": [
          "Vector26"
        ],
        "colorPermutations": {
          "1021021021255107012552552551": [
            {
              "f": 1
            }
          ]
        }
      },
      "attrs": [
        {
          "fill": "rgb(255, 107, 0)"
        }
      ],
      "properties": {
        "order": 15,
        "id": 19,
        "name": "Vector26",
        "prevSize": 32
      },
      "setIdx": 0,
      "setId": 2,
      "iconIdx": 26
    },
    {
      "icon": {
        "paths": [
          "M606.974 58.501l427.973-51.984-77.814 435.366-77.813 432.118-427.973 68.229-440.942 71.477 74.571-448.362 444.184-61.731 77.814-445.114z"
        ],
        "attrs": [
          {}
        ],
        "width": 1046,
        "isMulticolor": false,
        "isMulticolor2": false,
        "grid": 0,
        "tags": [
          "Vector27"
        ],
        "colorPermutations": {
          "1021021021255107012552552551": [
            {}
          ]
        }
      },
      "attrs": [
        {}
      ],
      "properties": {
        "order": 28,
        "id": 18,
        "name": "Vector27",
        "prevSize": 32
      },
      "setIdx": 0,
      "setId": 2,
      "iconIdx": 27
    },
    {
      "icon": {
        "paths": [
          "M881.047 1010.17c0 0 52.042-104.96-32.096-204.717-83.274-99.757-842.292-700.896-842.292-700.896l102.358-101.491 859.642 709.571c0 0 84.139 83.274 21.686 187.37l-21.686 34.695-87.613 75.468z"
        ],
        "attrs": [
          {
            "fill": "rgb(255, 107, 0)"
          }
        ],
        "width": 1018,
        "isMulticolor": false,
        "isMulticolor2": false,
        "grid": 0,
        "tags": [
          "Vector28"
        ],
        "colorPermutations": {
          "1021021021255107012552552551": [
            {
              "f": 1
            }
          ]
        }
      },
      "attrs": [
        {
          "fill": "rgb(255, 107, 0)"
        }
      ],
      "properties": {
        "order": 29,
        "id": 17,
        "name": "Vector28",
        "prevSize": 32
      },
      "setIdx": 0,
      "setId": 2,
      "iconIdx": 28
    },
    {
      "icon": {
        "paths": [
          "M915.634 827.179l-705.272-822.003-205.348 180.291 706.495 836.063 204.125-194.351z"
        ],
        "attrs": [
          {
            "fill": "rgb(255, 255, 255)"
          }
        ],
        "width": 919,
        "isMulticolor": false,
        "isMulticolor2": false,
        "grid": 0,
        "tags": [
          "Vector29"
        ],
        "colorPermutations": {
          "1021021021255107012552552551": [
            {
              "f": 2
            }
          ]
        }
      },
      "attrs": [
        {
          "fill": "rgb(255, 255, 255)"
        }
      ],
      "properties": {
        "order": 30,
        "id": 16,
        "name": "Vector29",
        "prevSize": 32
      },
      "setIdx": 0,
      "setId": 2,
      "iconIdx": 29
    },
    {
      "icon": {
        "paths": [
          "M336.678 12.772l-328.067 276.976 882.020 720.674 578.152-545.884-1132.105-451.766z"
        ],
        "attrs": [
          {}
        ],
        "width": 1485,
        "isMulticolor": false,
        "isMulticolor2": false,
        "grid": 0,
        "tags": [
          "Vector30"
        ],
        "colorPermutations": {
          "1021021021255107012552552551": [
            {}
          ]
        }
      },
      "attrs": [
        {}
      ],
      "properties": {
        "order": 31,
        "id": 15,
        "name": "Vector30",
        "prevSize": 32
      },
      "setIdx": 0,
      "setId": 2,
      "iconIdx": 30
    },
    {
      "icon": {
        "paths": [
          "M993.26 1019.709l-990.365-797.175 222.911-221.85 767.454 1019.025z"
        ],
        "attrs": [
          {}
        ],
        "width": 997,
        "isMulticolor": false,
        "isMulticolor2": false,
        "grid": 0,
        "tags": [
          "Vector31"
        ],
        "colorPermutations": {
          "1021021021255107012552552551": [
            {}
          ]
        }
      },
      "attrs": [
        {}
      ],
      "properties": {
        "order": 32,
        "id": 14,
        "name": "Vector31",
        "prevSize": 32
      },
      "setIdx": 0,
      "setId": 2,
      "iconIdx": 31
    },
    {
      "icon": {
        "paths": [
          "M1232.903 303.245l-497.481-295.799-726.053 638.658 472.831 367.508 750.703-710.367z"
        ],
        "attrs": [
          {
            "fill": "rgb(255, 107, 0)"
          }
        ],
        "width": 1252,
        "isMulticolor": false,
        "isMulticolor2": false,
        "grid": 0,
        "tags": [
          "Vector32"
        ],
        "colorPermutations": {
          "1021021021255107012552552551": [
            {
              "f": 1
            }
          ]
        }
      },
      "attrs": [
        {
          "fill": "rgb(255, 107, 0)"
        }
      ],
      "properties": {
        "order": 33,
        "id": 13,
        "name": "Vector32",
        "prevSize": 32
      },
      "setIdx": 0,
      "setId": 2,
      "iconIdx": 32
    },
    {
      "icon": {
        "paths": [
          "M54.245 296.138l361.035-293.309c7.468 77.187 40.337 155.369 40.337 155.369l351.57 331.653-121.009 105.074 7.968 6.476c57.768 57.764 0 127.482 0 127.482l-324.181 284.843c40.834-56.273-8.467-135.949-8.467-135.949l-318.706-369.996c-93.62-113.041 11.454-211.642 11.454-211.642z"
        ],
        "attrs": [
          {
            "fill": "rgb(255, 255, 255)"
          }
        ],
        "width": 809,
        "isMulticolor": false,
        "isMulticolor2": false,
        "grid": 0,
        "tags": [
          "Vector33"
        ],
        "colorPermutations": {
          "1021021021255107012552552551": [
            {
              "f": 2
            }
          ]
        }
      },
      "attrs": [
        {
          "fill": "rgb(255, 255, 255)"
        }
      ],
      "properties": {
        "order": 34,
        "id": 12,
        "name": "Vector33",
        "prevSize": 32
      },
      "setIdx": 0,
      "setId": 2,
      "iconIdx": 33
    },
    {
      "icon": {
        "paths": [
          "M549.048 446.539l308.709 350.119c0 0 96.806 112.94 59.16 177.48-37.649 64.539-122.624 49.48-179.633 24.74-57.006-24.74-733.581-517.379-733.581-517.379l556.64-476.507 265.144 199.53-276.439 242.017z"
        ],
        "attrs": [
          {
            "fill": "rgb(255, 255, 255)"
          }
        ],
        "width": 928,
        "isMulticolor": false,
        "isMulticolor2": false,
        "grid": 0,
        "tags": [
          "Vector34"
        ],
        "colorPermutations": {
          "1021021021255107012552552551": [
            {
              "f": 2
            }
          ]
        }
      },
      "attrs": [
        {
          "fill": "rgb(255, 255, 255)"
        }
      ],
      "properties": {
        "order": 35,
        "id": 11,
        "name": "Vector34",
        "prevSize": 32
      },
      "setIdx": 0,
      "setId": 2,
      "iconIdx": 34
    },
    {
      "icon": {
        "paths": [
          "M718.973 1020.89c0 0 46.415-53.045-77.357-289.537-123.771-238.701-466.353-556.972-466.353-556.972s-139.243-139.243-163.555-163.555l1007.855 727.158-300.589 282.906z"
        ],
        "attrs": [
          {}
        ],
        "isMulticolor": false,
        "isMulticolor2": false,
        "grid": 0,
        "tags": [
          "Vector35"
        ],
        "colorPermutations": {
          "1021021021255107012552552551": [
            {}
          ]
        }
      },
      "attrs": [
        {}
      ],
      "properties": {
        "order": 36,
        "id": 10,
        "name": "Vector35",
        "prevSize": 32
      },
      "setIdx": 0,
      "setId": 2,
      "iconIdx": 35
    },
    {
      "icon": {
        "paths": [
          "M38.372 8.513c0 0-91.774 134.701 48.847 319.73s347.855 436.668 347.855 436.668c0 0 103.616 162.825 44.407 247.195l410.024-389.298-851.133-614.296z"
        ],
        "attrs": [
          {
            "fill": "rgb(255, 255, 255)"
          }
        ],
        "width": 902,
        "isMulticolor": false,
        "isMulticolor2": false,
        "grid": 0,
        "tags": [
          "Vector36"
        ],
        "colorPermutations": {
          "1021021021255107012552552551": [
            {
              "f": 2
            }
          ]
        }
      },
      "attrs": [
        {
          "fill": "rgb(255, 255, 255)"
        }
      ],
      "properties": {
        "order": 47,
        "id": 9,
        "name": "Vector36",
        "prevSize": 32
      },
      "setIdx": 0,
      "setId": 2,
      "iconIdx": 36
    },
    {
      "icon": {
        "paths": [
          "M2424.781 815.51c0 0-311.934 274.285-715.298 150.586-403.364-123.696-1651.099-527.060-1651.099-527.060l387.23-344.203c0 0 1317.649 0 1946.897-64.538l322.69 301.178-290.42 484.037z"
        ],
        "attrs": [
          {
            "fill": "rgb(255, 255, 255)",
            "strokeLinejoin": "miter",
            "strokeLinecap": "butt",
            "strokeMiterlimit": "10",
            "strokeWidth": 26.8908544
          }
        ],
        "width": 2765,
        "isMulticolor": false,
        "isMulticolor2": false,
        "grid": 0,
        "tags": [
          "Vector37"
        ],
        "colorPermutations": {
          "1021021021255107012552552551": [
            {
              "f": 2,
              "s": 0
            }
          ]
        }
      },
      "attrs": [
        {
          "fill": "rgb(255, 255, 255)",
          "strokeLinejoin": "miter",
          "strokeLinecap": "butt",
          "strokeMiterlimit": "10",
          "strokeWidth": 26.8908544
        }
      ],
      "properties": {
        "order": 38,
        "id": 8,
        "name": "Vector37",
        "prevSize": 32
      },
      "setIdx": 0,
      "setId": 2,
      "iconIdx": 37
    },
    {
      "icon": {
        "paths": [
          "M110.88 167.418h9116v705.885h-9116v-705.885z"
        ],
        "attrs": [
          {
            "fill": "rgb(255, 255, 255)",
            "strokeLinejoin": "miter",
            "strokeLinecap": "butt",
            "strokeMiterlimit": "10",
            "strokeWidth": 100.840704
          }
        ],
        "width": 9344,
        "isMulticolor": false,
        "isMulticolor2": false,
        "grid": 0,
        "tags": [
          "Vector38"
        ],
        "colorPermutations": {
          "1021021021255107012552552551": [
            {
              "f": 2,
              "s": 0
            }
          ]
        }
      },
      "attrs": [
        {
          "fill": "rgb(255, 255, 255)",
          "strokeLinejoin": "miter",
          "strokeLinecap": "butt",
          "strokeMiterlimit": "10",
          "strokeWidth": 100.840704
        }
      ],
      "properties": {
        "order": 40,
        "id": 7,
        "name": "Vector38",
        "prevSize": 32
      },
      "setIdx": 0,
      "setId": 2,
      "iconIdx": 38
    },
    {
      "icon": {
        "paths": [
          "M998.955 789.085l-92.67 25.686c-256.994-72.142-517.2-155.862-780.613-251.16l-88.254-318.393 752.937-208.702 208.6 752.569z"
        ],
        "attrs": [
          {
            "fill": "rgb(255, 255, 255)",
            "stroke": "rgb(255, 107, 0)",
            "strokeLinejoin": "miter",
            "strokeLinecap": "butt",
            "strokeMiterlimit": "10",
            "strokeWidth": 27.838691555555556
          }
        ],
        "isMulticolor": false,
        "isMulticolor2": false,
        "grid": 0,
        "tags": [
          "Vector39"
        ],
        "colorPermutations": {
          "1021021021255107012552552551": [
            {
              "f": 2,
              "s": 1
            }
          ]
        }
      },
      "attrs": [
        {
          "fill": "rgb(255, 255, 255)",
          "stroke": "rgb(255, 107, 0)",
          "strokeLinejoin": "miter",
          "strokeLinecap": "butt",
          "strokeMiterlimit": "10",
          "strokeWidth": 27.838691555555556
        }
      ],
      "properties": {
        "order": 41,
        "id": 6,
        "name": "Vector39",
        "prevSize": 32
      },
      "setIdx": 0,
      "setId": 2,
      "iconIdx": 39
    },
    {
      "icon": {
        "paths": [
          "M1301.639 676.537c-425.436 0.284-798.604 58.477-1137.236 143.291l-132.769-478.994 1092.978-302.954 177.026 638.658z"
        ],
        "attrs": [
          {
            "fill": "rgb(255, 255, 255)",
            "stroke": "rgb(255, 107, 0)",
            "strokeLinejoin": "miter",
            "strokeLinecap": "butt",
            "strokeMiterlimit": "10",
            "strokeWidth": 40.41100387096774
          }
        ],
        "width": 1354,
        "isMulticolor": false,
        "isMulticolor2": false,
        "grid": 0,
        "tags": [
          "Vector40"
        ],
        "colorPermutations": {
          "1021021021255107012552552551": [
            {
              "f": 2,
              "s": 1
            }
          ]
        }
      },
      "attrs": [
        {
          "fill": "rgb(255, 255, 255)",
          "stroke": "rgb(255, 107, 0)",
          "strokeLinejoin": "miter",
          "strokeLinecap": "butt",
          "strokeMiterlimit": "10",
          "strokeWidth": 40.41100387096774
        }
      ],
      "properties": {
        "order": 42,
        "id": 5,
        "name": "Vector40",
        "prevSize": 32
      },
      "setIdx": 0,
      "setId": 2,
      "iconIdx": 40
    },
    {
      "icon": {
        "paths": [
          "M316.151 968.527l-59.234 16.419-59.33-812.362 497.572-137.919 124.723 449.964c-253.787 165.976-425.007 353.694-503.731 483.898z"
        ],
        "attrs": [
          {
            "fill": "rgb(255, 255, 255)",
            "stroke": "rgb(255, 107, 0)",
            "strokeLinejoin": "miter",
            "strokeLinecap": "butt",
            "strokeMiterlimit": "10",
            "strokeWidth": 28.47138909090909
          }
        ],
        "width": 931,
        "isMulticolor": false,
        "isMulticolor2": false,
        "grid": 0,
        "tags": [
          "Vector41"
        ],
        "colorPermutations": {
          "1021021021255107012552552551": [
            {
              "f": 2,
              "s": 1
            }
          ]
        }
      },
      "attrs": [
        {
          "fill": "rgb(255, 255, 255)",
          "stroke": "rgb(255, 107, 0)",
          "strokeLinejoin": "miter",
          "strokeLinecap": "butt",
          "strokeMiterlimit": "10",
          "strokeWidth": 28.47138909090909
        }
      ],
      "properties": {
        "order": 43,
        "id": 4,
        "name": "Vector41",
        "prevSize": 32
      },
      "setIdx": 0,
      "setId": 2,
      "iconIdx": 41
    },
    {
      "icon": {
        "paths": [
          "M2218.651 290.92l-14.268-51.468-472.811-96.178 22.828 82.35 360.258 65.025-4.001-4.434 3.569 12.867 1.145-5.86-275.376 241.212 22.828 82.349 355.829-325.862zM1283.55 56.853l430.933 729.905 69.484-19.259-430.937-729.906-69.48 19.259zM967.187 887.209l35.988-62.627-260.475-147.414 528.194-146.405-19.615-70.77-528.194 146.405 147.593-259.829-63.268-35.807-208.335 368.113 368.113 208.335zM20.067 900.331l472.811 96.176-22.824-82.349-360.26-65.024 4 4.434-3.567-12.868-1.147 5.86 275.375-241.209-22.825-82.352-355.829 325.863 14.266 51.469z"
        ],
        "attrs": [
          {}
        ],
        "width": 2238,
        "isMulticolor": false,
        "isMulticolor2": false,
        "grid": 0,
        "tags": [
          "Vector42"
        ],
        "colorPermutations": {
          "1021021021255107012552552551": [
            {}
          ]
        }
      },
      "attrs": [
        {}
      ],
      "properties": {
        "order": 44,
        "id": 3,
        "name": "Vector42",
        "prevSize": 32
      },
      "setIdx": 0,
      "setId": 2,
      "iconIdx": 42
    },
    {
      "icon": {
        "paths": [
          "M618.833 904.001c-219.262 60.777-446.254-67.615-507.001-286.771-60.746-219.155 67.757-446.084 287.018-506.86 219.262-60.776 446.254 67.617 507.001 286.772 60.746 219.155-67.757 446.084-287.019 506.86z"
        ],
        "attrs": [
          {}
        ],
        "isMulticolor": false,
        "isMulticolor2": false,
        "grid": 0,
        "tags": [
          "Vector43"
        ],
        "colorPermutations": {
          "1021021021255107012552552551": [
            {}
          ]
        }
      },
      "attrs": [
        {}
      ],
      "properties": {
        "order": 45,
        "id": 2,
        "name": "Vector43",
        "prevSize": 32
      },
      "setIdx": 0,
      "setId": 2,
      "iconIdx": 43
    },
    {
      "icon": {
        "paths": [],
        "attrs": [],
        "width": 682,
        "isMulticolor": false,
        "isMulticolor2": false,
        "grid": 0,
        "tags": [
          "Vector44"
        ],
        "colorPermutations": {
          "1021021021255107012552552551": []
        }
      },
      "attrs": [],
      "properties": {
        "order": 46,
        "id": 1,
        "name": "Vector44",
        "prevSize": 32
      },
      "setIdx": 0,
      "setId": 2,
      "iconIdx": 44
    },
    {
      "icon": {
        "paths": [],
        "attrs": [],
        "isMulticolor": false,
        "isMulticolor2": false,
        "grid": 0,
        "tags": [
          "Vector45"
        ],
        "colorPermutations": {
          "1021021021255107012552552551": []
        }
      },
      "attrs": [],
      "properties": {
        "order": 39,
        "id": 0,
        "name": "Vector45",
        "prevSize": 32
      },
      "setIdx": 0,
      "setId": 2,
      "iconIdx": 45
    }
  ],
  "height": 1024,
  "preferences": {
    "showGlyphs": true,
    "showQuickUse": true,
    "showQuickUse2": true,
    "showSVGs": true,
    "fontPref": {
      "prefix": "icon-",
      "metadata": {
        "fontFamily": "icomoon"
      },
      "metrics": {
        "emSize": 1024,
        "baseline": 6.25,
        "whitespace": 50
      },
      "embed": false
    },
    "imagePref": {
      "prefix": "icon-",
      "png": true,
      "useClassSelector": true,
      "color": 0,
      "bgColor": 16777215,
      "classSelector": ".icon",
      "name": "icomoon"
    },
    "historySize": 50,
    "showCodes": true,
    "gridSize": 16
  }
}